[{
    "model": "contenttypes.contenttype",
    "pk": 1,
    "fields": {
        "app_label": "admin",
        "model": "logentry"
    }
}, {
    "model": "contenttypes.contenttype",
    "pk": 2,
    "fields": {
        "app_label": "auth",
        "model": "permission"
    }
}, {
    "model": "contenttypes.contenttype",
    "pk": 3,
    "fields": {
        "app_label": "auth",
        "model": "group"
    }
}, {
    "model": "contenttypes.contenttype",
    "pk": 4,
    "fields": {
        "app_label": "contenttypes",
        "model": "contenttype"
    }
}, {
    "model": "contenttypes.contenttype",
    "pk": 5,
    "fields": {
        "app_label": "sessions",
        "model": "session"
    }
}, {
    "model": "contenttypes.contenttype",
    "pk": 6,
    "fields": {
        "app_label": "core",
        "model": "usuario"
    }
}, {
    "model": "contenttypes.contenttype",
    "pk": 7,
    "fields": {
        "app_label": "core",
        "model": "administrador"
    }
}, {
    "model": "contenttypes.contenttype",
    "pk": 8,
    "fields": {
        "app_label": "core",
        "model": "cliente"
    }
}, {
    "model": "contenttypes.contenttype",
    "pk": 9,
    "fields": {
        "app_label": "core",
        "model": "detallepedido"
    }
}, {
    "model": "contenttypes.contenttype",
    "pk": 10,
    "fields": {
        "app_label": "core",
        "model": "empleado"
    }
}, {
    "model": "contenttypes.contenttype",
    "pk": 11,
    "fields": {
        "app_label": "core",
        "model": "estadofactura"
    }
}, {
    "model": "contenttypes.contenttype",
    "pk": 12,
    "fields": {
        "app_label": "core",
        "model": "estadohabitacion"
    }
}, {
    "model": "contenttypes.contenttype",
    "pk": 13,
    "fields": {
        "app_label": "core",
        "model": "estadopedido"
    }
}, {
    "model": "contenttypes.contenttype",
    "pk": 14,
    "fields": {
        "app_label": "core",
        "model": "habitacion"
    }
}, {
    "model": "contenttypes.contenttype",
    "pk": 15,
    "fields": {
        "app_label": "core",
        "model": "tipoproducto"
    }
}, {
    "model": "contenttypes.contenttype",
    "pk": 16,
    "fields": {
        "app_label": "core",
        "model": "tiposervicio"
    }
}, {
    "model": "contenttypes.contenttype",
    "pk": 17,
    "fields": {
        "app_label": "core",
        "model": "tipousuario"
    }
}, {
    "model": "contenttypes.contenttype",
    "pk": 18,
    "fields": {
        "app_label": "core",
        "model": "serviciocomedor"
    }
}, {
    "model": "contenttypes.contenttype",
    "pk": 19,
    "fields": {
        "app_label": "core",
        "model": "recepcionproducto"
    }
}, {
    "model": "contenttypes.contenttype",
    "pk": 20,
    "fields": {
        "app_label": "core",
        "model": "proveedor"
    }
}, {
    "model": "contenttypes.contenttype",
    "pk": 21,
    "fields": {
        "app_label": "core",
        "model": "producto"
    }
}, {
    "model": "contenttypes.contenttype",
    "pk": 22,
    "fields": {
        "app_label": "core",
        "model": "pedido"
    }
}, {
    "model": "contenttypes.contenttype",
    "pk": 23,
    "fields": {
        "app_label": "core",
        "model": "huesped"
    }
}, {
    "model": "contenttypes.contenttype",
    "pk": 24,
    "fields": {
        "app_label": "core",
        "model": "factura"
    }
}, {
    "model": "contenttypes.contenttype",
    "pk": 25,
    "fields": {
        "app_label": "core",
        "model": "detallefactura"
    }
}, {
    "model": "contenttypes.contenttype",
    "pk": 41,
    "fields": {
        "app_label": "core",
        "model": "detallereserva"
    }
}, {
    "model": "contenttypes.contenttype",
    "pk": 42,
    "fields": {
        "app_label": "core",
        "model": "solicitudcompra"
    }
}, {
    "model": "contenttypes.contenttype",
    "pk": 61,
    "fields": {
        "app_label": "core",
        "model": "estadodetallepedido"
    }
}, {
    "model": "sessions.session",
    "pk": "105izokqjtzp9kenvjoncuylir9zkorw",
    "fields": {
        "session_data": "OGI2OTUzYjA2MTVjMTA4YzNiZDdlZDc2OGViY2NmZGQyODRlMDE0Nzp7Il9hdXRoX3VzZXJfaWQiOiIzIiwiX2F1dGhfdXNlcl9iYWNrZW5kIjoiZGphbmdvLmNvbnRyaWIuYXV0aC5iYWNrZW5kcy5Nb2RlbEJhY2tlbmQiLCJfYXV0aF91c2VyX2hhc2giOiIyYzJjNmRmYzYxYmUwZmFlOGE0M2I2NzQ3ODcwMjQ2ZmFjNDc0NWY1In0=",
        "expire_date": "2020-07-11T18:02:32.691Z"
    }
}, {
    "model": "sessions.session",
    "pk": "1ouyl5dmerj6idim76utacsxy7bdb497",
    "fields": {
        "session_data": "M2EyY2E2OTZjMzY0ZmQ5YzE2ZTg2ZGNlMzViOTFmMzI2NmJkZWY5Mzp7Il9hdXRoX3VzZXJfaWQiOiIxIiwiX2F1dGhfdXNlcl9iYWNrZW5kIjoiZGphbmdvLmNvbnRyaWIuYXV0aC5iYWNrZW5kcy5Nb2RlbEJhY2tlbmQiLCJfYXV0aF91c2VyX2hhc2giOiIwMTJkZmRmNDMxNjI0MmI0NTliMTllYzI4ODZlNzhlOTdmNWFhOGMzIn0=",
        "expire_date": "2020-07-14T07:29:05.459Z"
    }
}, {
    "model": "sessions.session",
    "pk": "64d4ofdwc7b5tkxb4q045grsp6kmwi7v",
    "fields": {
        "session_data": "MTBiNmI1ZDc1YWUyMDNjODA4NzQ5NWQwZDY0Njc0NjllOGMwYWE4ZTp7Il9hdXRoX3VzZXJfaWQiOiIzIiwiX2F1dGhfdXNlcl9iYWNrZW5kIjoiZGphbmdvLmNvbnRyaWIuYXV0aC5iYWNrZW5kcy5Nb2RlbEJhY2tlbmQiLCJfYXV0aF91c2VyX2hhc2giOiJmYzgzYjVlZDI3OTYxY2U4Yjg4MGM1YTRmMTU4ZTkwODAxMmRjOTIyIn0=",
        "expire_date": "2020-07-11T17:41:25.882Z"
    }
}, {
    "model": "sessions.session",
    "pk": "aboz5hjac9h4tsvfljha1ib2rh7ypjhw",
    "fields": {
        "session_data": "YjczZjJmYTBhOWU2ZmI4ODY5N2IzNDhlNzMxMGZjZWExMGQ3OWFhNDp7Il9hdXRoX3VzZXJfaWQiOiIyMSIsIl9hdXRoX3VzZXJfYmFja2VuZCI6ImRqYW5nby5jb250cmliLmF1dGguYmFja2VuZHMuTW9kZWxCYWNrZW5kIiwiX2F1dGhfdXNlcl9oYXNoIjoiZjE0MWY4NmVmYmQ1ZGMwODJhZmFiYTg0ZDgwNmNkODc3ZDhiYzYyMiJ9",
        "expire_date": "2020-07-15T01:30:32.448Z"
    }
}, {
    "model": "core.tipousuario",
    "pk": 1,
    "fields": {
        "descripcion": "Administrador"
    }
}, {
    "model": "core.tipousuario",
    "pk": 2,
    "fields": {
        "descripcion": "Empleado"
    }
}, {
    "model": "core.tipousuario",
    "pk": 3,
    "fields": {
        "descripcion": "Cliente"
    }
}, {
    "model": "core.tipousuario",
    "pk": 4,
    "fields": {
        "descripcion": "Proveedor"
    }
}, {
    "model": "core.usuario",
    "pk": 1,
    "fields": {
        "password": "pbkdf2_sha256$180000$Bw5nMYFkXkIb$LQY6/KHS/3MdR/sQNii+ckBKRJv1QNEDxQ9e3RbqsRQ=",
        "last_login": "2020-06-30T07:32:41.798Z",
        "tipousuario": 1,
        "usuario": "admin",
        "nombre": "admin",
        "apellido_paterno": "admin",
        "apellido_materno": "admin",
        "correo": "admin",
        "is_active": true
    }
}, {
    "model": "core.usuario",
    "pk": 2,
    "fields": {
        "password": "pbkdf2_sha256$180000$QTnERtb8O9LY$Fgc+2lyQFMtqS3JafZlBhjSL8StOwvx8KP+GflVlDsA=",
        "last_login": "2020-06-21T20:06:21.645Z",
        "tipousuario": 4,
        "usuario": "proveedor",
        "nombre": "Nekane",
        "apellido_paterno": "Pozo",
        "apellido_materno": "Pozo",
        "correo": "contacto@verduveliry.cl",
        "is_active": true
    }
}, {
    "model": "core.usuario",
    "pk": 3,
    "fields": {
        "password": "pbkdf2_sha256$180000$lfeO4Og9cpRE$jtS6A0QnxZSiZg41V/buthRLD/WklDlFjeChcDIB/KI=",
        "last_login": "2020-06-30T07:15:56.605Z",
        "tipousuario": 4,
        "usuario": "proveedor2",
        "nombre": "Estefania",
        "apellido_paterno": "Vidal",
        "apellido_materno": "Vidal",
        "correo": "soprole@soprole.cl",
        "is_active": true
    }
}, {
    "model": "core.usuario",
    "pk": 21,
    "fields": {
        "password": "pbkdf2_sha256$180000$jJfyZFyU31Dc$Ve3Bzfj3Fpa+a62LxLrYEpRZ5axS5xtx6mX8Hc+fzrE=",
        "last_login": "2020-07-01T01:30:32.444Z",
        "tipousuario": 2,
        "usuario": "empleado",
        "nombre": "Christian",
        "apellido_paterno": "Lara",
        "apellido_materno": "Saavedra",
        "correo": "therishling@gmail.com",
        "is_active": true
    }
}, {
    "model": "core.usuario",
    "pk": 22,
    "fields": {
        "password": "pbkdf2_sha256$180000$LtFl5MBiBOJb$NettpyUBTqB72YnqRT+re1sSROqAnlEYoJpH5iegjvY=",
        "last_login": "2020-06-30T23:45:30.042Z",
        "tipousuario": 3,
        "usuario": "cliente",
        "nombre": "Ramiro",
        "apellido_paterno": "Lafarga",
        "apellido_materno": "Lafarga",
        "correo": "gerente@entel.cl",
        "is_active": true
    }
}, {
    "model": "core.usuario",
    "pk": 41,
    "fields": {
        "password": "pbkdf2_sha256$180000$7E8SP4sqbKuX$DUx8XfG3ovexokQs3xhfWxcgczcbSd1qLjtivJnqG9U=",
        "last_login": null,
        "tipousuario": 3,
        "usuario": "cliente2",
        "nombre": "Christopher",
        "apellido_paterno": "Laska",
        "apellido_materno": "Laska",
        "correo": "gerente@wom.cl",
        "is_active": true
    }
}, {
    "model": "core.administrador",
    "pk": 1,
    "fields": {
        "usuario": 1
    }
}, {
    "model": "core.cliente",
    "pk": 1,
    "fields": {
        "rut": "96806980-2",
        "nombre": "Entel PCS",
        "rubro": "Telecomunicaciones",
        "direccion": "\u200eAVDA. COSTANERA SUR RIO MAP",
        "telefono": 3651000,
        "usuario": 22
    }
}, {
    "model": "core.cliente",
    "pk": 21,
    "fields": {
        "rut": "78921690-8",
        "nombre": "WOM",
        "rubro": "Telecomunicaciones",
        "direccion": "Avenida Rosas 2451",
        "telefono": 800646415,
        "usuario": 41
    }
}, {
    "model": "core.estadodetallepedido",
    "pk": 1,
    "fields": {
        "descripcion": "Aceptado"
    }
}, {
    "model": "core.estadodetallepedido",
    "pk": 2,
    "fields": {
        "descripcion": "Rechazado"
    }
}, {
    "model": "core.estadodetallepedido",
    "pk": 3,
    "fields": {
        "descripcion": "Nuevo Pedido"
    }
}, {
    "model": "core.empleado",
    "pk": 1,
    "fields": {
        "usuario": 21
    }
}, {
    "model": "core.estadofactura",
    "pk": 1,
    "fields": {
        "descripcion": "No pagada"
    }
}, {
    "model": "core.estadofactura",
    "pk": 2,
    "fields": {
        "descripcion": "Pagada"
    }
}, {
    "model": "core.estadofactura",
    "pk": 3,
    "fields": {
        "descripcion": "Pago en proceso: Transferencia Bancaria"
    }
}, {
    "model": "core.estadofactura",
    "pk": 4,
    "fields": {
        "descripcion": "Pago en proceso: Pago presencial"
    }
}, {
    "model": "core.estadohabitacion",
    "pk": 1,
    "fields": {
        "descripcion": "Disponible"
    }
}, {
    "model": "core.estadohabitacion",
    "pk": 2,
    "fields": {
        "descripcion": "No Disponible: Asignada Empresa"
    }
}, {
    "model": "core.estadohabitacion",
    "pk": 3,
    "fields": {
        "descripcion": "No Disponible: Mantenimiento"
    }
}, {
    "model": "core.estadopedido",
    "pk": 1,
    "fields": {
        "descripcion": "Solicitado"
    }
}, {
    "model": "core.estadopedido",
    "pk": 2,
    "fields": {
        "descripcion": "En Transito"
    }
}, {
    "model": "core.estadopedido",
    "pk": 3,
    "fields": {
        "descripcion": "Recibido"
    }
}, {
    "model": "core.estadopedido",
    "pk": 4,
    "fields": {
        "descripcion": "Rechazado"
    }
}, {
    "model": "core.habitacion",
    "pk": 1,
    "fields": {
        "numero": 10,
        "tipocama": "2 Plaza",
        "accesorios": "Sin accesorios",
        "precio": 20000,
        "administrador": 1,
        "estadohabitacion": 1
    }
}, {
    "model": "core.habitacion",
    "pk": 2,
    "fields": {
        "numero": 20,
        "tipocama": "1 Plaza",
        "accesorios": "Lampara, Televisor ",
        "precio": 15000,
        "administrador": 1,
        "estadohabitacion": 1
    }
}, {
    "model": "core.habitacion",
    "pk": 3,
    "fields": {
        "numero": 70,
        "tipocama": "2 Plaza",
        "accesorios": "Sin accesorios",
        "precio": 20000,
        "administrador": 1,
        "estadohabitacion": 1
    }
}, {
    "model": "core.habitacion",
    "pk": 4,
    "fields": {
        "numero": 40,
        "tipocama": "2 Plaza",
        "accesorios": "Televisor, modem, wifi.",
        "precio": 25000,
        "administrador": 1,
        "estadohabitacion": 1
    }
}, {
    "model": "core.habitacion",
    "pk": 5,
    "fields": {
        "numero": 50,
        "tipocama": "1 Plaza",
        "accesorios": "Sin accesorios",
        "precio": 10000,
        "administrador": 1,
        "estadohabitacion": 1
    }
}, {
    "model": "core.habitacion",
    "pk": 6,
    "fields": {
        "numero": 60,
        "tipocama": "2 Plaza",
        "accesorios": "Sin Accesorios",
        "precio": 20000,
        "administrador": 1,
        "estadohabitacion": 1
    }
}, {
    "model": "core.habitacion",
    "pk": 7,
    "fields": {
        "numero": 70,
        "tipocama": "3 Plaza",
        "accesorios": "Avion",
        "precio": 350000,
        "administrador": 1,
        "estadohabitacion": 1
    }
}, {
    "model": "core.proveedor",
    "pk": 1,
    "fields": {
        "rubro": "Distribuidor de verduras y frutos secos",
        "telefono": 56987955,
        "descripcion": "Llevamos a la puerta de su domicilio los productos con mejor calidad y frescura.",
        "sitioweb": "https://verdulivery.cl/",
        "usuario": 2
    }
}, {
    "model": "core.proveedor",
    "pk": 2,
    "fields": {
        "rubro": "Lacteos",
        "telefono": 23213,
        "descripcion": "\u200eIndustria alimenticia",
        "sitioweb": "www.soprole.cl",
        "usuario": 3
    }
}, {
    "model": "core.producto",
    "pk": 2,
    "fields": {
        "descripcion": "Leche Natural Entera 1L",
        "stock": 10,
        "administrador": 1,
        "tipoproducto": 41,
        "precio": 800,
        "proveedor": 2
    }
}, {
    "model": "core.producto",
    "pk": 3,
    "fields": {
        "descripcion": "Leche Natural Semidescremada 1L",
        "stock": 10,
        "administrador": 1,
        "tipoproducto": 41,
        "precio": 850,
        "proveedor": 2
    }
}, {
    "model": "core.producto",
    "pk": 4,
    "fields": {
        "descripcion": "Soprole Leche sabor Chocolate 1L",
        "stock": 10,
        "administrador": 1,
        "tipoproducto": 41,
        "precio": 750,
        "proveedor": 2
    }
}, {
    "model": "core.producto",
    "pk": 5,
    "fields": {
        "descripcion": "Soprole Leche sabor Frutilla 1L",
        "stock": 10,
        "administrador": 1,
        "tipoproducto": 41,
        "precio": 650,
        "proveedor": 2
    }
}, {
    "model": "core.producto",
    "pk": 6,
    "fields": {
        "descripcion": "Soprole Yoghurt Natural 155g",
        "stock": 10,
        "administrador": 1,
        "tipoproducto": 41,
        "precio": 550,
        "proveedor": 2
    }
}, {
    "model": "core.producto",
    "pk": 7,
    "fields": {
        "descripcion": "Soprole Yoghurt Batido sabor Frutilla 165g",
        "stock": 10,
        "administrador": 1,
        "tipoproducto": 41,
        "precio": 200,
        "proveedor": 2
    }
}, {
    "model": "core.producto",
    "pk": 8,
    "fields": {
        "descripcion": "Soprole Yoghurt Batido sabor Pi\u00f1a 165g",
        "stock": 10,
        "administrador": 1,
        "tipoproducto": 41,
        "precio": 200,
        "proveedor": 2
    }
}, {
    "model": "core.producto",
    "pk": 21,
    "fields": {
        "descripcion": "Porotos",
        "stock": 24,
        "administrador": 1,
        "tipoproducto": 21,
        "precio": 400,
        "proveedor": 1
    }
}, {
    "model": "core.serviciocomedor",
    "pk": 1,
    "fields": {
        "plato": "Papas fritas con tocino crispy",
        "precio": 4490,
        "tiposervicio": 3,
        "administrador": 1
    }
}, {
    "model": "core.serviciocomedor",
    "pk": 2,
    "fields": {
        "plato": "Hamburguesa, queso cheddar + Papas Fritas",
        "precio": 7490,
        "tiposervicio": 3,
        "administrador": 1
    }
}, {
    "model": "core.serviciocomedor",
    "pk": 3,
    "fields": {
        "plato": "Bistec a lo pobre",
        "precio": 3500,
        "tiposervicio": 2,
        "administrador": 1
    }
}, {
    "model": "core.tipoproducto",
    "pk": 1,
    "fields": {
        "descripcion": "Sin clasificar"
    }
}, {
    "model": "core.tipoproducto",
    "pk": 21,
    "fields": {
        "descripcion": "Legumbres"
    }
}, {
    "model": "core.tipoproducto",
    "pk": 41,
    "fields": {
        "descripcion": "Lacteos"
    }
}, {
    "model": "core.tiposervicio",
    "pk": 1,
    "fields": {
        "descripcion": "Ejecutivo"
    }
}, {
    "model": "core.tiposervicio",
    "pk": 2,
    "fields": {
        "descripcion": "Especial"
    }
}, {
    "model": "core.tiposervicio",
    "pk": 3,
    "fields": {
        "descripcion": "General"
    }
}, {
    "model": "auth.permission",
    "pk": 1,
    "fields": {
        "name": "Can add log entry",
        "content_type": 1,
        "codename": "add_logentry"
    }
}, {
    "model": "auth.permission",
    "pk": 2,
    "fields": {
        "name": "Can change log entry",
        "content_type": 1,
        "codename": "change_logentry"
    }
}, {
    "model": "auth.permission",
    "pk": 3,
    "fields": {
        "name": "Can delete log entry",
        "content_type": 1,
        "codename": "delete_logentry"
    }
}, {
    "model": "auth.permission",
    "pk": 4,
    "fields": {
        "name": "Can view log entry",
        "content_type": 1,
        "codename": "view_logentry"
    }
}, {
    "model": "auth.permission",
    "pk": 5,
    "fields": {
        "name": "Can add permission",
        "content_type": 2,
        "codename": "add_permission"
    }
}, {
    "model": "auth.permission",
    "pk": 6,
    "fields": {
        "name": "Can change permission",
        "content_type": 2,
        "codename": "change_permission"
    }
}, {
    "model": "auth.permission",
    "pk": 7,
    "fields": {
        "name": "Can delete permission",
        "content_type": 2,
        "codename": "delete_permission"
    }
}, {
    "model": "auth.permission",
    "pk": 8,
    "fields": {
        "name": "Can view permission",
        "content_type": 2,
        "codename": "view_permission"
    }
}, {
    "model": "auth.permission",
    "pk": 9,
    "fields": {
        "name": "Can add group",
        "content_type": 3,
        "codename": "add_group"
    }
}, {
    "model": "auth.permission",
    "pk": 10,
    "fields": {
        "name": "Can change group",
        "content_type": 3,
        "codename": "change_group"
    }
}, {
    "model": "auth.permission",
    "pk": 11,
    "fields": {
        "name": "Can delete group",
        "content_type": 3,
        "codename": "delete_group"
    }
}, {
    "model": "auth.permission",
    "pk": 12,
    "fields": {
        "name": "Can view group",
        "content_type": 3,
        "codename": "view_group"
    }
}, {
    "model": "auth.permission",
    "pk": 13,
    "fields": {
        "name": "Can add content type",
        "content_type": 4,
        "codename": "add_contenttype"
    }
}, {
    "model": "auth.permission",
    "pk": 14,
    "fields": {
        "name": "Can change content type",
        "content_type": 4,
        "codename": "change_contenttype"
    }
}, {
    "model": "auth.permission",
    "pk": 15,
    "fields": {
        "name": "Can delete content type",
        "content_type": 4,
        "codename": "delete_contenttype"
    }
}, {
    "model": "auth.permission",
    "pk": 16,
    "fields": {
        "name": "Can view content type",
        "content_type": 4,
        "codename": "view_contenttype"
    }
}, {
    "model": "auth.permission",
    "pk": 17,
    "fields": {
        "name": "Can add session",
        "content_type": 5,
        "codename": "add_session"
    }
}, {
    "model": "auth.permission",
    "pk": 18,
    "fields": {
        "name": "Can change session",
        "content_type": 5,
        "codename": "change_session"
    }
}, {
    "model": "auth.permission",
    "pk": 19,
    "fields": {
        "name": "Can delete session",
        "content_type": 5,
        "codename": "delete_session"
    }
}, {
    "model": "auth.permission",
    "pk": 20,
    "fields": {
        "name": "Can view session",
        "content_type": 5,
        "codename": "view_session"
    }
}, {
    "model": "auth.permission",
    "pk": 21,
    "fields": {
        "name": "Can add usuario",
        "content_type": 6,
        "codename": "add_usuario"
    }
}, {
    "model": "auth.permission",
    "pk": 22,
    "fields": {
        "name": "Can change usuario",
        "content_type": 6,
        "codename": "change_usuario"
    }
}, {
    "model": "auth.permission",
    "pk": 23,
    "fields": {
        "name": "Can delete usuario",
        "content_type": 6,
        "codename": "delete_usuario"
    }
}, {
    "model": "auth.permission",
    "pk": 24,
    "fields": {
        "name": "Can view usuario",
        "content_type": 6,
        "codename": "view_usuario"
    }
}, {
    "model": "auth.permission",
    "pk": 25,
    "fields": {
        "name": "Can add administrador",
        "content_type": 7,
        "codename": "add_administrador"
    }
}, {
    "model": "auth.permission",
    "pk": 26,
    "fields": {
        "name": "Can change administrador",
        "content_type": 7,
        "codename": "change_administrador"
    }
}, {
    "model": "auth.permission",
    "pk": 27,
    "fields": {
        "name": "Can delete administrador",
        "content_type": 7,
        "codename": "delete_administrador"
    }
}, {
    "model": "auth.permission",
    "pk": 28,
    "fields": {
        "name": "Can view administrador",
        "content_type": 7,
        "codename": "view_administrador"
    }
}, {
    "model": "auth.permission",
    "pk": 29,
    "fields": {
        "name": "Can add cliente",
        "content_type": 8,
        "codename": "add_cliente"
    }
}, {
    "model": "auth.permission",
    "pk": 30,
    "fields": {
        "name": "Can change cliente",
        "content_type": 8,
        "codename": "change_cliente"
    }
}, {
    "model": "auth.permission",
    "pk": 31,
    "fields": {
        "name": "Can delete cliente",
        "content_type": 8,
        "codename": "delete_cliente"
    }
}, {
    "model": "auth.permission",
    "pk": 32,
    "fields": {
        "name": "Can view cliente",
        "content_type": 8,
        "codename": "view_cliente"
    }
}, {
    "model": "auth.permission",
    "pk": 33,
    "fields": {
        "name": "Can add detallepedido",
        "content_type": 9,
        "codename": "add_detallepedido"
    }
}, {
    "model": "auth.permission",
    "pk": 34,
    "fields": {
        "name": "Can change detallepedido",
        "content_type": 9,
        "codename": "change_detallepedido"
    }
}, {
    "model": "auth.permission",
    "pk": 35,
    "fields": {
        "name": "Can delete detallepedido",
        "content_type": 9,
        "codename": "delete_detallepedido"
    }
}, {
    "model": "auth.permission",
    "pk": 36,
    "fields": {
        "name": "Can view detallepedido",
        "content_type": 9,
        "codename": "view_detallepedido"
    }
}, {
    "model": "auth.permission",
    "pk": 37,
    "fields": {
        "name": "Can add empleado",
        "content_type": 10,
        "codename": "add_empleado"
    }
}, {
    "model": "auth.permission",
    "pk": 38,
    "fields": {
        "name": "Can change empleado",
        "content_type": 10,
        "codename": "change_empleado"
    }
}, {
    "model": "auth.permission",
    "pk": 39,
    "fields": {
        "name": "Can delete empleado",
        "content_type": 10,
        "codename": "delete_empleado"
    }
}, {
    "model": "auth.permission",
    "pk": 40,
    "fields": {
        "name": "Can view empleado",
        "content_type": 10,
        "codename": "view_empleado"
    }
}, {
    "model": "auth.permission",
    "pk": 41,
    "fields": {
        "name": "Can add estadofactura",
        "content_type": 11,
        "codename": "add_estadofactura"
    }
}, {
    "model": "auth.permission",
    "pk": 42,
    "fields": {
        "name": "Can change estadofactura",
        "content_type": 11,
        "codename": "change_estadofactura"
    }
}, {
    "model": "auth.permission",
    "pk": 43,
    "fields": {
        "name": "Can delete estadofactura",
        "content_type": 11,
        "codename": "delete_estadofactura"
    }
}, {
    "model": "auth.permission",
    "pk": 44,
    "fields": {
        "name": "Can view estadofactura",
        "content_type": 11,
        "codename": "view_estadofactura"
    }
}, {
    "model": "auth.permission",
    "pk": 45,
    "fields": {
        "name": "Can add estadohabitacion",
        "content_type": 12,
        "codename": "add_estadohabitacion"
    }
}, {
    "model": "auth.permission",
    "pk": 46,
    "fields": {
        "name": "Can change estadohabitacion",
        "content_type": 12,
        "codename": "change_estadohabitacion"
    }
}, {
    "model": "auth.permission",
    "pk": 47,
    "fields": {
        "name": "Can delete estadohabitacion",
        "content_type": 12,
        "codename": "delete_estadohabitacion"
    }
}, {
    "model": "auth.permission",
    "pk": 48,
    "fields": {
        "name": "Can view estadohabitacion",
        "content_type": 12,
        "codename": "view_estadohabitacion"
    }
}, {
    "model": "auth.permission",
    "pk": 49,
    "fields": {
        "name": "Can add estadopedido",
        "content_type": 13,
        "codename": "add_estadopedido"
    }
}, {
    "model": "auth.permission",
    "pk": 50,
    "fields": {
        "name": "Can change estadopedido",
        "content_type": 13,
        "codename": "change_estadopedido"
    }
}, {
    "model": "auth.permission",
    "pk": 51,
    "fields": {
        "name": "Can delete estadopedido",
        "content_type": 13,
        "codename": "delete_estadopedido"
    }
}, {
    "model": "auth.permission",
    "pk": 52,
    "fields": {
        "name": "Can view estadopedido",
        "content_type": 13,
        "codename": "view_estadopedido"
    }
}, {
    "model": "auth.permission",
    "pk": 53,
    "fields": {
        "name": "Can add habitacion",
        "content_type": 14,
        "codename": "add_habitacion"
    }
}, {
    "model": "auth.permission",
    "pk": 54,
    "fields": {
        "name": "Can change habitacion",
        "content_type": 14,
        "codename": "change_habitacion"
    }
}, {
    "model": "auth.permission",
    "pk": 55,
    "fields": {
        "name": "Can delete habitacion",
        "content_type": 14,
        "codename": "delete_habitacion"
    }
}, {
    "model": "auth.permission",
    "pk": 56,
    "fields": {
        "name": "Can view habitacion",
        "content_type": 14,
        "codename": "view_habitacion"
    }
}, {
    "model": "auth.permission",
    "pk": 57,
    "fields": {
        "name": "Can add tipoproducto",
        "content_type": 15,
        "codename": "add_tipoproducto"
    }
}, {
    "model": "auth.permission",
    "pk": 58,
    "fields": {
        "name": "Can change tipoproducto",
        "content_type": 15,
        "codename": "change_tipoproducto"
    }
}, {
    "model": "auth.permission",
    "pk": 59,
    "fields": {
        "name": "Can delete tipoproducto",
        "content_type": 15,
        "codename": "delete_tipoproducto"
    }
}, {
    "model": "auth.permission",
    "pk": 60,
    "fields": {
        "name": "Can view tipoproducto",
        "content_type": 15,
        "codename": "view_tipoproducto"
    }
}, {
    "model": "auth.permission",
    "pk": 61,
    "fields": {
        "name": "Can add tiposervicio",
        "content_type": 16,
        "codename": "add_tiposervicio"
    }
}, {
    "model": "auth.permission",
    "pk": 62,
    "fields": {
        "name": "Can change tiposervicio",
        "content_type": 16,
        "codename": "change_tiposervicio"
    }
}, {
    "model": "auth.permission",
    "pk": 63,
    "fields": {
        "name": "Can delete tiposervicio",
        "content_type": 16,
        "codename": "delete_tiposervicio"
    }
}, {
    "model": "auth.permission",
    "pk": 64,
    "fields": {
        "name": "Can view tiposervicio",
        "content_type": 16,
        "codename": "view_tiposervicio"
    }
}, {
    "model": "auth.permission",
    "pk": 65,
    "fields": {
        "name": "Can add tipousuario",
        "content_type": 17,
        "codename": "add_tipousuario"
    }
}, {
    "model": "auth.permission",
    "pk": 66,
    "fields": {
        "name": "Can change tipousuario",
        "content_type": 17,
        "codename": "change_tipousuario"
    }
}, {
    "model": "auth.permission",
    "pk": 67,
    "fields": {
        "name": "Can delete tipousuario",
        "content_type": 17,
        "codename": "delete_tipousuario"
    }
}, {
    "model": "auth.permission",
    "pk": 68,
    "fields": {
        "name": "Can view tipousuario",
        "content_type": 17,
        "codename": "view_tipousuario"
    }
}, {
    "model": "auth.permission",
    "pk": 69,
    "fields": {
        "name": "Can add serviciocomedor",
        "content_type": 18,
        "codename": "add_serviciocomedor"
    }
}, {
    "model": "auth.permission",
    "pk": 70,
    "fields": {
        "name": "Can change serviciocomedor",
        "content_type": 18,
        "codename": "change_serviciocomedor"
    }
}, {
    "model": "auth.permission",
    "pk": 71,
    "fields": {
        "name": "Can delete serviciocomedor",
        "content_type": 18,
        "codename": "delete_serviciocomedor"
    }
}, {
    "model": "auth.permission",
    "pk": 72,
    "fields": {
        "name": "Can view serviciocomedor",
        "content_type": 18,
        "codename": "view_serviciocomedor"
    }
}, {
    "model": "auth.permission",
    "pk": 73,
    "fields": {
        "name": "Can add recepcionproducto",
        "content_type": 19,
        "codename": "add_recepcionproducto"
    }
}, {
    "model": "auth.permission",
    "pk": 74,
    "fields": {
        "name": "Can change recepcionproducto",
        "content_type": 19,
        "codename": "change_recepcionproducto"
    }
}, {
    "model": "auth.permission",
    "pk": 75,
    "fields": {
        "name": "Can delete recepcionproducto",
        "content_type": 19,
        "codename": "delete_recepcionproducto"
    }
}, {
    "model": "auth.permission",
    "pk": 76,
    "fields": {
        "name": "Can view recepcionproducto",
        "content_type": 19,
        "codename": "view_recepcionproducto"
    }
}, {
    "model": "auth.permission",
    "pk": 77,
    "fields": {
        "name": "Can add proveedor",
        "content_type": 20,
        "codename": "add_proveedor"
    }
}, {
    "model": "auth.permission",
    "pk": 78,
    "fields": {
        "name": "Can change proveedor",
        "content_type": 20,
        "codename": "change_proveedor"
    }
}, {
    "model": "auth.permission",
    "pk": 79,
    "fields": {
        "name": "Can delete proveedor",
        "content_type": 20,
        "codename": "delete_proveedor"
    }
}, {
    "model": "auth.permission",
    "pk": 80,
    "fields": {
        "name": "Can view proveedor",
        "content_type": 20,
        "codename": "view_proveedor"
    }
}, {
    "model": "auth.permission",
    "pk": 81,
    "fields": {
        "name": "Can add producto",
        "content_type": 21,
        "codename": "add_producto"
    }
}, {
    "model": "auth.permission",
    "pk": 82,
    "fields": {
        "name": "Can change producto",
        "content_type": 21,
        "codename": "change_producto"
    }
}, {
    "model": "auth.permission",
    "pk": 83,
    "fields": {
        "name": "Can delete producto",
        "content_type": 21,
        "codename": "delete_producto"
    }
}, {
    "model": "auth.permission",
    "pk": 84,
    "fields": {
        "name": "Can view producto",
        "content_type": 21,
        "codename": "view_producto"
    }
}, {
    "model": "auth.permission",
    "pk": 85,
    "fields": {
        "name": "Can add pedido",
        "content_type": 22,
        "codename": "add_pedido"
    }
}, {
    "model": "auth.permission",
    "pk": 86,
    "fields": {
        "name": "Can change pedido",
        "content_type": 22,
        "codename": "change_pedido"
    }
}, {
    "model": "auth.permission",
    "pk": 87,
    "fields": {
        "name": "Can delete pedido",
        "content_type": 22,
        "codename": "delete_pedido"
    }
}, {
    "model": "auth.permission",
    "pk": 88,
    "fields": {
        "name": "Can view pedido",
        "content_type": 22,
        "codename": "view_pedido"
    }
}, {
    "model": "auth.permission",
    "pk": 89,
    "fields": {
        "name": "Can add huesped",
        "content_type": 23,
        "codename": "add_huesped"
    }
}, {
    "model": "auth.permission",
    "pk": 90,
    "fields": {
        "name": "Can change huesped",
        "content_type": 23,
        "codename": "change_huesped"
    }
}, {
    "model": "auth.permission",
    "pk": 91,
    "fields": {
        "name": "Can delete huesped",
        "content_type": 23,
        "codename": "delete_huesped"
    }
}, {
    "model": "auth.permission",
    "pk": 92,
    "fields": {
        "name": "Can view huesped",
        "content_type": 23,
        "codename": "view_huesped"
    }
}, {
    "model": "auth.permission",
    "pk": 93,
    "fields": {
        "name": "Can add factura",
        "content_type": 24,
        "codename": "add_factura"
    }
}, {
    "model": "auth.permission",
    "pk": 94,
    "fields": {
        "name": "Can change factura",
        "content_type": 24,
        "codename": "change_factura"
    }
}, {
    "model": "auth.permission",
    "pk": 95,
    "fields": {
        "name": "Can delete factura",
        "content_type": 24,
        "codename": "delete_factura"
    }
}, {
    "model": "auth.permission",
    "pk": 96,
    "fields": {
        "name": "Can view factura",
        "content_type": 24,
        "codename": "view_factura"
    }
}, {
    "model": "auth.permission",
    "pk": 97,
    "fields": {
        "name": "Can add detallefactura",
        "content_type": 25,
        "codename": "add_detallefactura"
    }
}, {
    "model": "auth.permission",
    "pk": 98,
    "fields": {
        "name": "Can change detallefactura",
        "content_type": 25,
        "codename": "change_detallefactura"
    }
}, {
    "model": "auth.permission",
    "pk": 99,
    "fields": {
        "name": "Can delete detallefactura",
        "content_type": 25,
        "codename": "delete_detallefactura"
    }
}, {
    "model": "auth.permission",
    "pk": 100,
    "fields": {
        "name": "Can view detallefactura",
        "content_type": 25,
        "codename": "view_detallefactura"
    }
}, {
    "model": "auth.permission",
    "pk": 101,
    "fields": {
        "name": "Can add detalle reserva",
        "content_type": 41,
        "codename": "add_detallereserva"
    }
}, {
    "model": "auth.permission",
    "pk": 102,
    "fields": {
        "name": "Can change detalle reserva",
        "content_type": 41,
        "codename": "change_detallereserva"
    }
}, {
    "model": "auth.permission",
    "pk": 103,
    "fields": {
        "name": "Can delete detalle reserva",
        "content_type": 41,
        "codename": "delete_detallereserva"
    }
}, {
    "model": "auth.permission",
    "pk": 104,
    "fields": {
        "name": "Can view detalle reserva",
        "content_type": 41,
        "codename": "view_detallereserva"
    }
}, {
    "model": "auth.permission",
    "pk": 105,
    "fields": {
        "name": "Can add solicitud compra",
        "content_type": 42,
        "codename": "add_solicitudcompra"
    }
}, {
    "model": "auth.permission",
    "pk": 106,
    "fields": {
        "name": "Can change solicitud compra",
        "content_type": 42,
        "codename": "change_solicitudcompra"
    }
}, {
    "model": "auth.permission",
    "pk": 107,
    "fields": {
        "name": "Can delete solicitud compra",
        "content_type": 42,
        "codename": "delete_solicitudcompra"
    }
}, {
    "model": "auth.permission",
    "pk": 108,
    "fields": {
        "name": "Can view solicitud compra",
        "content_type": 42,
        "codename": "view_solicitudcompra"
    }
}, {
    "model": "auth.permission",
    "pk": 121,
    "fields": {
        "name": "Can add estado detalle pedido",
        "content_type": 61,
        "codename": "add_estadodetallepedido"
    }
}, {
    "model": "auth.permission",
    "pk": 122,
    "fields": {
        "name": "Can change estado detalle pedido",
        "content_type": 61,
        "codename": "change_estadodetallepedido"
    }
}, {
    "model": "auth.permission",
    "pk": 123,
    "fields": {
        "name": "Can delete estado detalle pedido",
        "content_type": 61,
        "codename": "delete_estadodetallepedido"
    }
}, {
    "model": "auth.permission",
    "pk": 124,
    "fields": {
        "name": "Can view estado detalle pedido",
        "content_type": 61,
        "codename": "view_estadodetallepedido"
    }
}]